Method,Job,AnalyzeLaunchVariance,EvaluateOverhead,MaxAbsoluteError,MaxRelativeError,MinInvokeCount,MinIterationTime,OutlierMode,Affinity,EnvironmentVariables,Jit,Platform,PowerPlanMode,Runtime,AllowVeryLargeObjects,Concurrent,CpuGroups,Force,HeapAffinitizeMask,HeapCount,NoAffinitize,RetainVm,Server,Arguments,BuildConfiguration,Clock,EngineFactory,NuGetReferences,Toolchain,IsMutator,InvocationCount,IterationCount,IterationTime,LaunchCount,MaxIterationCount,MaxWarmupIterationCount,MinIterationCount,MinWarmupIterationCount,RunStrategy,UnrollFactor,WarmupCount,Count,Mean,Error,StdDev,Median,Rank,Gen 0,Gen 1,Gen 2,Allocated
CREATION:for(),Default,False,True,Default,Default,Default,Default,Default,1111,Empty,RyuJit,X64,8c5e7fda-e8bf-4a96-9a85-a6e23a8c635c,.NET Core 3.0,False,True,False,True,Default,Default,False,False,True,Default,Default,Default,Default,Default,.NET Core 2.2,Default,1,Default,Default,Default,Default,Default,Default,Default,Default,16,Default,100,"1,132.8 ns",4.84 ns,4.53 ns,"1,130.4 ns",6,0.0973,-,-,2200 B
CREATION:for(),Default,False,True,Default,Default,Default,Default,Default,1111,Empty,RyuJit,X64,8c5e7fda-e8bf-4a96-9a85-a6e23a8c635c,.NET Core 3.0,False,True,False,True,Default,Default,False,False,True,Default,Default,Default,Default,Default,.NET Core 3.0,Default,1,Default,Default,Default,Default,Default,Default,Default,Default,16,Default,100,963.9 ns,3.30 ns,2.92 ns,962.5 ns,4,0.2289,-,-,2192 B
CREATION:for(),Default,False,True,Default,Default,Default,Default,Default,1111,Empty,RyuJit,X64,8c5e7fda-e8bf-4a96-9a85-a6e23a8c635c,.NET Core 3.0,False,True,False,True,Default,Default,False,False,True,Default,Default,Default,Default,Default,net472,Default,1,Default,Default,Default,Default,Default,Default,Default,Default,16,Default,100,"1,028.2 ns",2.77 ns,2.31 ns,"1,028.1 ns",5,1.0509,-,-,2207 B
CREATION:for(),Default,False,True,Default,Default,Default,Default,Default,1111,Empty,RyuJit,X64,8c5e7fda-e8bf-4a96-9a85-a6e23a8c635c,.NET Core 3.0,False,True,False,True,Default,Default,False,False,True,Default,Default,Default,Default,Default,net48,Default,1,Default,Default,Default,Default,Default,Default,Default,Default,16,Default,100,"1,019.6 ns",1.15 ns,1.02 ns,"1,019.6 ns",5,1.0509,-,-,2207 B
CREATION:for(),Default,False,True,Default,Default,Default,Default,Default,1111,Empty,RyuJit,X64,8c5e7fda-e8bf-4a96-9a85-a6e23a8c635c,.NET Core 3.0,False,True,False,True,Default,Default,False,False,True,Default,Default,Default,Default,Default,.NET Core 2.2,Default,1,Default,Default,Default,Default,Default,Default,Default,Default,16,Default,500,"4,112.9 ns",19.66 ns,18.39 ns,"4,117.3 ns",24,0.4120,-,-,8392 B
CREATION:for(),Default,False,True,Default,Default,Default,Default,Default,1111,Empty,RyuJit,X64,8c5e7fda-e8bf-4a96-9a85-a6e23a8c635c,.NET Core 3.0,False,True,False,True,Default,Default,False,False,True,Default,Default,Default,Default,Default,.NET Core 3.0,Default,1,Default,Default,Default,Default,Default,Default,Default,Default,16,Default,500,"3,810.6 ns",10.84 ns,10.14 ns,"3,809.5 ns",21,0.8774,-,-,8384 B
CREATION:for(),Default,False,True,Default,Default,Default,Default,Default,1111,Empty,RyuJit,X64,8c5e7fda-e8bf-4a96-9a85-a6e23a8c635c,.NET Core 3.0,False,True,False,True,Default,Default,False,False,True,Default,Default,Default,Default,Default,net472,Default,1,Default,Default,Default,Default,Default,Default,Default,Default,16,Default,500,"4,531.7 ns",7.44 ns,6.96 ns,"4,530.4 ns",26,4.0054,-,-,8418 B
CREATION:for(),Default,False,True,Default,Default,Default,Default,Default,1111,Empty,RyuJit,X64,8c5e7fda-e8bf-4a96-9a85-a6e23a8c635c,.NET Core 3.0,False,True,False,True,Default,Default,False,False,True,Default,Default,Default,Default,Default,net48,Default,1,Default,Default,Default,Default,Default,Default,Default,Default,16,Default,500,"4,419.2 ns",7.10 ns,6.64 ns,"4,419.1 ns",25,4.0054,-,-,8418 B
CREATION:for(),Default,False,True,Default,Default,Default,Default,Default,1111,Empty,RyuJit,X64,8c5e7fda-e8bf-4a96-9a85-a6e23a8c635c,.NET Core 3.0,False,True,False,True,Default,Default,False,False,True,Default,Default,Default,Default,Default,.NET Core 2.2,Default,1,Default,Default,Default,Default,Default,Default,Default,Default,16,Default,1000,"7,815.8 ns",11.44 ns,10.14 ns,"7,816.6 ns",35,0.6409,-,-,16608 B
CREATION:for(),Default,False,True,Default,Default,Default,Default,Default,1111,Empty,RyuJit,X64,8c5e7fda-e8bf-4a96-9a85-a6e23a8c635c,.NET Core 3.0,False,True,False,True,Default,Default,False,False,True,Default,Default,Default,Default,Default,.NET Core 3.0,Default,1,Default,Default,Default,Default,Default,Default,Default,Default,16,Default,1000,"7,916.2 ns",20.76 ns,19.42 ns,"7,909.8 ns",35,1.8768,0.0153,-,16600 B
CREATION:for(),Default,False,True,Default,Default,Default,Default,Default,1111,Empty,RyuJit,X64,8c5e7fda-e8bf-4a96-9a85-a6e23a8c635c,.NET Core 3.0,False,True,False,True,Default,Default,False,False,True,Default,Default,Default,Default,Default,net472,Default,1,Default,Default,Default,Default,Default,Default,Default,Default,16,Default,1000,"8,560.1 ns",18.47 ns,17.28 ns,"8,555.9 ns",39,7.9346,-,-,16661 B
CREATION:for(),Default,False,True,Default,Default,Default,Default,Default,1111,Empty,RyuJit,X64,8c5e7fda-e8bf-4a96-9a85-a6e23a8c635c,.NET Core 3.0,False,True,False,True,Default,Default,False,False,True,Default,Default,Default,Default,Default,net48,Default,1,Default,Default,Default,Default,Default,Default,Default,Default,16,Default,1000,"8,634.4 ns",97.29 ns,91.01 ns,"8,592.0 ns",39,7.9346,-,-,16661 B
CREATION:for(),Default,False,True,Default,Default,Default,Default,Default,1111,Empty,RyuJit,X64,8c5e7fda-e8bf-4a96-9a85-a6e23a8c635c,.NET Core 3.0,False,True,False,True,Default,Default,False,False,True,Default,Default,Default,Default,Default,.NET Core 2.2,Default,1,Default,Default,Default,Default,Default,Default,Default,Default,16,Default,2500,"21,614.5 ns",384.88 ns,360.02 ns,"21,914.0 ns",52,2.4719,0.1221,-,65808 B
CREATION:for(),Default,False,True,Default,Default,Default,Default,Default,1111,Empty,RyuJit,X64,8c5e7fda-e8bf-4a96-9a85-a6e23a8c635c,.NET Core 3.0,False,True,False,True,Default,Default,False,False,True,Default,Default,Default,Default,Default,.NET Core 3.0,Default,1,Default,Default,Default,Default,Default,Default,Default,Default,16,Default,2500,"22,814.7 ns",174.77 ns,163.48 ns,"22,878.9 ns",53,6.5002,0.2747,-,65800 B
CREATION:for(),Default,False,True,Default,Default,Default,Default,Default,1111,Empty,RyuJit,X64,8c5e7fda-e8bf-4a96-9a85-a6e23a8c635c,.NET Core 3.0,False,True,False,True,Default,Default,False,False,True,Default,Default,Default,Default,Default,net472,Default,1,Default,Default,Default,Default,Default,Default,Default,Default,16,Default,2500,"24,170.4 ns",308.90 ns,288.94 ns,"24,097.8 ns",54,31.2195,-,-,65936 B
CREATION:for(),Default,False,True,Default,Default,Default,Default,Default,1111,Empty,RyuJit,X64,8c5e7fda-e8bf-4a96-9a85-a6e23a8c635c,.NET Core 3.0,False,True,False,True,Default,Default,False,False,True,Default,Default,Default,Default,Default,net48,Default,1,Default,Default,Default,Default,Default,Default,Default,Default,16,Default,2500,"24,569.3 ns",55.79 ns,52.19 ns,"24,571.9 ns",54,31.2195,-,-,65936 B
CREATION:for(),Default,False,True,Default,Default,Default,Default,Default,1111,Empty,RyuJit,X64,8c5e7fda-e8bf-4a96-9a85-a6e23a8c635c,.NET Core 3.0,False,True,False,True,Default,Default,False,False,True,Default,Default,Default,Default,Default,.NET Core 2.2,Default,1,Default,Default,Default,Default,Default,Default,Default,Default,16,Default,5000,"43,264.5 ns",740.70 ns,692.85 ns,"42,839.5 ns",64,6.3477,0.8545,-,131368 B
CREATION:for(),Default,False,True,Default,Default,Default,Default,Default,1111,Empty,RyuJit,X64,8c5e7fda-e8bf-4a96-9a85-a6e23a8c635c,.NET Core 3.0,False,True,False,True,Default,Default,False,False,True,Default,Default,Default,Default,Default,.NET Core 3.0,Default,1,Default,Default,Default,Default,Default,Default,Default,Default,16,Default,5000,"46,361.8 ns",341.92 ns,319.83 ns,"46,210.9 ns",65,13.1226,1.5869,-,131360 B
CREATION:for(),Default,False,True,Default,Default,Default,Default,Default,1111,Empty,RyuJit,X64,8c5e7fda-e8bf-4a96-9a85-a6e23a8c635c,.NET Core 3.0,False,True,False,True,Default,Default,False,False,True,Default,Default,Default,Default,Default,net472,Default,1,Default,Default,Default,Default,Default,Default,Default,Default,16,Default,5000,"50,440.5 ns",141.00 ns,124.99 ns,"50,443.6 ns",66,62.4390,-,-,131520 B
CREATION:for(),Default,False,True,Default,Default,Default,Default,Default,1111,Empty,RyuJit,X64,8c5e7fda-e8bf-4a96-9a85-a6e23a8c635c,.NET Core 3.0,False,True,False,True,Default,Default,False,False,True,Default,Default,Default,Default,Default,net48,Default,1,Default,Default,Default,Default,Default,Default,Default,Default,16,Default,5000,"50,296.4 ns",81.73 ns,72.45 ns,"50,301.8 ns",66,62.3779,-,-,131520 B
'CREATION:for() with Capacity',Default,False,True,Default,Default,Default,Default,Default,1111,Empty,RyuJit,X64,8c5e7fda-e8bf-4a96-9a85-a6e23a8c635c,.NET Core 3.0,False,True,False,True,Default,Default,False,False,True,Default,Default,Default,Default,Default,.NET Core 2.2,Default,1,Default,Default,Default,Default,Default,Default,Default,Default,16,Default,100,748.4 ns,8.53 ns,7.98 ns,751.1 ns,2,0.0372,-,-,864 B
'CREATION:for() with Capacity',Default,False,True,Default,Default,Default,Default,Default,1111,Empty,RyuJit,X64,8c5e7fda-e8bf-4a96-9a85-a6e23a8c635c,.NET Core 3.0,False,True,False,True,Default,Default,False,False,True,Default,Default,Default,Default,Default,.NET Core 3.0,Default,1,Default,Default,Default,Default,Default,Default,Default,Default,16,Default,100,676.6 ns,10.27 ns,9.10 ns,676.3 ns,1,0.0896,-,-,856 B
'CREATION:for() with Capacity',Default,False,True,Default,Default,Default,Default,Default,1111,Empty,RyuJit,X64,8c5e7fda-e8bf-4a96-9a85-a6e23a8c635c,.NET Core 3.0,False,True,False,True,Default,Default,False,False,True,Default,Default,Default,Default,Default,net472,Default,1,Default,Default,Default,Default,Default,Default,Default,Default,16,Default,100,802.1 ns,1.41 ns,1.25 ns,802.1 ns,3,0.4129,-,-,867 B
'CREATION:for() with Capacity',Default,False,True,Default,Default,Default,Default,Default,1111,Empty,RyuJit,X64,8c5e7fda-e8bf-4a96-9a85-a6e23a8c635c,.NET Core 3.0,False,True,False,True,Default,Default,False,False,True,Default,Default,Default,Default,Default,net48,Default,1,Default,Default,Default,Default,Default,Default,Default,Default,16,Default,100,798.7 ns,1.12 ns,0.94 ns,798.5 ns,3,0.4129,-,-,867 B
'CREATION:for() with Capacity',Default,False,True,Default,Default,Default,Default,Default,1111,Empty,RyuJit,X64,8c5e7fda-e8bf-4a96-9a85-a6e23a8c635c,.NET Core 3.0,False,True,False,True,Default,Default,False,False,True,Default,Default,Default,Default,Default,.NET Core 2.2,Default,1,Default,Default,Default,Default,Default,Default,Default,Default,16,Default,500,"3,419.9 ns",4.39 ns,4.10 ns,"3,419.3 ns",20,0.1831,-,-,4064 B
'CREATION:for() with Capacity',Default,False,True,Default,Default,Default,Default,Default,1111,Empty,RyuJit,X64,8c5e7fda-e8bf-4a96-9a85-a6e23a8c635c,.NET Core 3.0,False,True,False,True,Default,Default,False,False,True,Default,Default,Default,Default,Default,.NET Core 3.0,Default,1,Default,Default,Default,Default,Default,Default,Default,Default,16,Default,500,"3,200.9 ns",6.10 ns,5.41 ns,"3,201.1 ns",19,0.4234,-,-,4048 B
'CREATION:for() with Capacity',Default,False,True,Default,Default,Default,Default,Default,1111,Empty,RyuJit,X64,8c5e7fda-e8bf-4a96-9a85-a6e23a8c635c,.NET Core 3.0,False,True,False,True,Default,Default,False,False,True,Default,Default,Default,Default,Default,net472,Default,1,Default,Default,Default,Default,Default,Default,Default,Default,16,Default,500,"4,050.7 ns",7.08 ns,6.62 ns,"4,050.0 ns",23,1.9379,-,-,4080 B
'CREATION:for() with Capacity',Default,False,True,Default,Default,Default,Default,Default,1111,Empty,RyuJit,X64,8c5e7fda-e8bf-4a96-9a85-a6e23a8c635c,.NET Core 3.0,False,True,False,True,Default,Default,False,False,True,Default,Default,Default,Default,Default,net48,Default,1,Default,Default,Default,Default,Default,Default,Default,Default,16,Default,500,"3,956.1 ns",8.17 ns,7.24 ns,"3,955.3 ns",22,1.9379,-,-,4080 B
'CREATION:for() with Capacity',Default,False,True,Default,Default,Default,Default,Default,1111,Empty,RyuJit,X64,8c5e7fda-e8bf-4a96-9a85-a6e23a8c635c,.NET Core 3.0,False,True,False,True,Default,Default,False,False,True,Default,Default,Default,Default,Default,.NET Core 2.2,Default,1,Default,Default,Default,Default,Default,Default,Default,Default,16,Default,1000,"6,885.1 ns",87.92 ns,82.24 ns,"6,910.7 ns",33,0.3357,-,-,8064 B
'CREATION:for() with Capacity',Default,False,True,Default,Default,Default,Default,Default,1111,Empty,RyuJit,X64,8c5e7fda-e8bf-4a96-9a85-a6e23a8c635c,.NET Core 3.0,False,True,False,True,Default,Default,False,False,True,Default,Default,Default,Default,Default,.NET Core 3.0,Default,1,Default,Default,Default,Default,Default,Default,Default,Default,16,Default,1000,"6,464.0 ns",10.63 ns,9.42 ns,"6,465.0 ns",32,0.8469,0.0076,-,8056 B
'CREATION:for() with Capacity',Default,False,True,Default,Default,Default,Default,Default,1111,Empty,RyuJit,X64,8c5e7fda-e8bf-4a96-9a85-a6e23a8c635c,.NET Core 3.0,False,True,False,True,Default,Default,False,False,True,Default,Default,Default,Default,Default,net472,Default,1,Default,Default,Default,Default,Default,Default,Default,Default,16,Default,1000,"7,880.1 ns",6.50 ns,5.76 ns,"7,880.9 ns",35,3.8452,-,-,8097 B
'CREATION:for() with Capacity',Default,False,True,Default,Default,Default,Default,Default,1111,Empty,RyuJit,X64,8c5e7fda-e8bf-4a96-9a85-a6e23a8c635c,.NET Core 3.0,False,True,False,True,Default,Default,False,False,True,Default,Default,Default,Default,Default,net48,Default,1,Default,Default,Default,Default,Default,Default,Default,Default,16,Default,1000,"7,856.1 ns",11.18 ns,9.91 ns,"7,855.9 ns",35,3.8452,-,-,8097 B
'CREATION:for() with Capacity',Default,False,True,Default,Default,Default,Default,Default,1111,Empty,RyuJit,X64,8c5e7fda-e8bf-4a96-9a85-a6e23a8c635c,.NET Core 3.0,False,True,False,True,Default,Default,False,False,True,Default,Default,Default,Default,Default,.NET Core 2.2,Default,1,Default,Default,Default,Default,Default,Default,Default,Default,16,Default,2500,"17,585.3 ns",44.11 ns,41.26 ns,"17,593.0 ns",48,0.7935,-,-,20056 B
'CREATION:for() with Capacity',Default,False,True,Default,Default,Default,Default,Default,1111,Empty,RyuJit,X64,8c5e7fda-e8bf-4a96-9a85-a6e23a8c635c,.NET Core 3.0,False,True,False,True,Default,Default,False,False,True,Default,Default,Default,Default,Default,.NET Core 3.0,Default,1,Default,Default,Default,Default,Default,Default,Default,Default,16,Default,2500,"16,988.9 ns",28.77 ns,24.02 ns,"16,987.9 ns",47,2.0447,0.0610,-,20056 B
'CREATION:for() with Capacity',Default,False,True,Default,Default,Default,Default,Default,1111,Empty,RyuJit,X64,8c5e7fda-e8bf-4a96-9a85-a6e23a8c635c,.NET Core 3.0,False,True,False,True,Default,Default,False,False,True,Default,Default,Default,Default,Default,net472,Default,1,Default,Default,Default,Default,Default,Default,Default,Default,16,Default,2500,"20,658.4 ns",43.93 ns,41.09 ns,"20,660.7 ns",51,9.5215,-,-,20126 B
'CREATION:for() with Capacity',Default,False,True,Default,Default,Default,Default,Default,1111,Empty,RyuJit,X64,8c5e7fda-e8bf-4a96-9a85-a6e23a8c635c,.NET Core 3.0,False,True,False,True,Default,Default,False,False,True,Default,Default,Default,Default,Default,net48,Default,1,Default,Default,Default,Default,Default,Default,Default,Default,16,Default,2500,"20,618.2 ns",39.53 ns,36.97 ns,"20,616.6 ns",51,9.5215,-,-,20126 B
'CREATION:for() with Capacity',Default,False,True,Default,Default,Default,Default,Default,1111,Empty,RyuJit,X64,8c5e7fda-e8bf-4a96-9a85-a6e23a8c635c,.NET Core 3.0,False,True,False,True,Default,Default,False,False,True,Default,Default,Default,Default,Default,.NET Core 2.2,Default,1,Default,Default,Default,Default,Default,Default,Default,Default,16,Default,5000,"33,726.0 ns",29.65 ns,27.73 ns,"33,724.0 ns",59,1.4648,-,-,40064 B
'CREATION:for() with Capacity',Default,False,True,Default,Default,Default,Default,Default,1111,Empty,RyuJit,X64,8c5e7fda-e8bf-4a96-9a85-a6e23a8c635c,.NET Core 3.0,False,True,False,True,Default,Default,False,False,True,Default,Default,Default,Default,Default,.NET Core 3.0,Default,1,Default,Default,Default,Default,Default,Default,Default,Default,16,Default,5000,"35,011.1 ns",165.53 ns,154.84 ns,"35,011.5 ns",60,3.9673,0.2441,-,40048 B
'CREATION:for() with Capacity',Default,False,True,Default,Default,Default,Default,Default,1111,Empty,RyuJit,X64,8c5e7fda-e8bf-4a96-9a85-a6e23a8c635c,.NET Core 3.0,False,True,False,True,Default,Default,False,False,True,Default,Default,Default,Default,Default,net472,Default,1,Default,Default,Default,Default,Default,Default,Default,Default,16,Default,5000,"41,756.6 ns",54.97 ns,51.42 ns,"41,746.1 ns",63,18.8599,-,-,40195 B
'CREATION:for() with Capacity',Default,False,True,Default,Default,Default,Default,Default,1111,Empty,RyuJit,X64,8c5e7fda-e8bf-4a96-9a85-a6e23a8c635c,.NET Core 3.0,False,True,False,True,Default,Default,False,False,True,Default,Default,Default,Default,Default,net48,Default,1,Default,Default,Default,Default,Default,Default,Default,Default,16,Default,5000,"41,880.1 ns",77.78 ns,68.95 ns,"41,877.6 ns",63,18.8599,-,-,40203 B
for():Collection,Default,False,True,Default,Default,Default,Default,Default,1111,Empty,RyuJit,X64,8c5e7fda-e8bf-4a96-9a85-a6e23a8c635c,.NET Core 3.0,False,True,False,True,Default,Default,False,False,True,Default,Default,Default,Default,Default,.NET Core 2.2,Default,1,Default,Default,Default,Default,Default,Default,Default,Default,16,Default,100,"4,706.6 ns",93.65 ns,193.40 ns,"4,598.6 ns",27,-,-,-,-
for():Collection,Default,False,True,Default,Default,Default,Default,Default,1111,Empty,RyuJit,X64,8c5e7fda-e8bf-4a96-9a85-a6e23a8c635c,.NET Core 3.0,False,True,False,True,Default,Default,False,False,True,Default,Default,Default,Default,Default,.NET Core 3.0,Default,1,Default,Default,Default,Default,Default,Default,Default,Default,16,Default,100,"2,576.7 ns",3.16 ns,2.96 ns,"2,577.4 ns",15,-,-,-,-
for():Collection,Default,False,True,Default,Default,Default,Default,Default,1111,Empty,RyuJit,X64,8c5e7fda-e8bf-4a96-9a85-a6e23a8c635c,.NET Core 3.0,False,True,False,True,Default,Default,False,False,True,Default,Default,Default,Default,Default,net472,Default,1,Default,Default,Default,Default,Default,Default,Default,Default,16,Default,100,"1,616.4 ns",4.64 ns,3.88 ns,"1,614.9 ns",8,-,-,-,-
for():Collection,Default,False,True,Default,Default,Default,Default,Default,1111,Empty,RyuJit,X64,8c5e7fda-e8bf-4a96-9a85-a6e23a8c635c,.NET Core 3.0,False,True,False,True,Default,Default,False,False,True,Default,Default,Default,Default,Default,net48,Default,1,Default,Default,Default,Default,Default,Default,Default,Default,16,Default,100,"1,614.5 ns",1.25 ns,1.05 ns,"1,614.4 ns",8,-,-,-,-
for():Collection,Default,False,True,Default,Default,Default,Default,Default,1111,Empty,RyuJit,X64,8c5e7fda-e8bf-4a96-9a85-a6e23a8c635c,.NET Core 3.0,False,True,False,True,Default,Default,False,False,True,Default,Default,Default,Default,Default,.NET Core 2.2,Default,1,Default,Default,Default,Default,Default,Default,Default,Default,16,Default,500,"21,603.7 ns",46.36 ns,41.09 ns,"21,602.7 ns",52,-,-,-,-
for():Collection,Default,False,True,Default,Default,Default,Default,Default,1111,Empty,RyuJit,X64,8c5e7fda-e8bf-4a96-9a85-a6e23a8c635c,.NET Core 3.0,False,True,False,True,Default,Default,False,False,True,Default,Default,Default,Default,Default,.NET Core 3.0,Default,1,Default,Default,Default,Default,Default,Default,Default,Default,16,Default,500,"13,430.1 ns",47.99 ns,42.54 ns,"13,428.9 ns",43,-,-,-,-
for():Collection,Default,False,True,Default,Default,Default,Default,Default,1111,Empty,RyuJit,X64,8c5e7fda-e8bf-4a96-9a85-a6e23a8c635c,.NET Core 3.0,False,True,False,True,Default,Default,False,False,True,Default,Default,Default,Default,Default,net472,Default,1,Default,Default,Default,Default,Default,Default,Default,Default,16,Default,500,"8,029.1 ns",9.99 ns,9.34 ns,"8,024.7 ns",36,-,-,-,-
for():Collection,Default,False,True,Default,Default,Default,Default,Default,1111,Empty,RyuJit,X64,8c5e7fda-e8bf-4a96-9a85-a6e23a8c635c,.NET Core 3.0,False,True,False,True,Default,Default,False,False,True,Default,Default,Default,Default,Default,net48,Default,1,Default,Default,Default,Default,Default,Default,Default,Default,16,Default,500,"8,028.7 ns",7.11 ns,6.30 ns,"8,026.3 ns",36,-,-,-,-
for():Collection,Default,False,True,Default,Default,Default,Default,Default,1111,Empty,RyuJit,X64,8c5e7fda-e8bf-4a96-9a85-a6e23a8c635c,.NET Core 3.0,False,True,False,True,Default,Default,False,False,True,Default,Default,Default,Default,Default,.NET Core 2.2,Default,1,Default,Default,Default,Default,Default,Default,Default,Default,16,Default,1000,"43,128.5 ns",586.44 ns,519.86 ns,"43,449.5 ns",64,-,-,-,-
for():Collection,Default,False,True,Default,Default,Default,Default,Default,1111,Empty,RyuJit,X64,8c5e7fda-e8bf-4a96-9a85-a6e23a8c635c,.NET Core 3.0,False,True,False,True,Default,Default,False,False,True,Default,Default,Default,Default,Default,.NET Core 3.0,Default,1,Default,Default,Default,Default,Default,Default,Default,Default,16,Default,1000,"26,464.4 ns",24.01 ns,21.28 ns,"26,463.8 ns",55,-,-,-,-
for():Collection,Default,False,True,Default,Default,Default,Default,Default,1111,Empty,RyuJit,X64,8c5e7fda-e8bf-4a96-9a85-a6e23a8c635c,.NET Core 3.0,False,True,False,True,Default,Default,False,False,True,Default,Default,Default,Default,Default,net472,Default,1,Default,Default,Default,Default,Default,Default,Default,Default,16,Default,1000,"16,047.6 ns",4.51 ns,4.00 ns,"16,048.2 ns",46,-,-,-,-
for():Collection,Default,False,True,Default,Default,Default,Default,Default,1111,Empty,RyuJit,X64,8c5e7fda-e8bf-4a96-9a85-a6e23a8c635c,.NET Core 3.0,False,True,False,True,Default,Default,False,False,True,Default,Default,Default,Default,Default,net48,Default,1,Default,Default,Default,Default,Default,Default,Default,Default,16,Default,1000,"16,047.6 ns",16.36 ns,15.30 ns,"16,042.0 ns",46,-,-,-,-
for():Collection,Default,False,True,Default,Default,Default,Default,Default,1111,Empty,RyuJit,X64,8c5e7fda-e8bf-4a96-9a85-a6e23a8c635c,.NET Core 3.0,False,True,False,True,Default,Default,False,False,True,Default,Default,Default,Default,Default,.NET Core 2.2,Default,1,Default,Default,Default,Default,Default,Default,Default,Default,16,Default,2500,"108,076.5 ns",204.96 ns,191.72 ns,"108,038.9 ns",77,-,-,-,-
for():Collection,Default,False,True,Default,Default,Default,Default,Default,1111,Empty,RyuJit,X64,8c5e7fda-e8bf-4a96-9a85-a6e23a8c635c,.NET Core 3.0,False,True,False,True,Default,Default,False,False,True,Default,Default,Default,Default,Default,.NET Core 3.0,Default,1,Default,Default,Default,Default,Default,Default,Default,Default,16,Default,2500,"63,382.9 ns",716.86 ns,670.55 ns,"63,713.8 ns",68,-,-,-,-
for():Collection,Default,False,True,Default,Default,Default,Default,Default,1111,Empty,RyuJit,X64,8c5e7fda-e8bf-4a96-9a85-a6e23a8c635c,.NET Core 3.0,False,True,False,True,Default,Default,False,False,True,Default,Default,Default,Default,Default,net472,Default,1,Default,Default,Default,Default,Default,Default,Default,Default,16,Default,2500,"40,788.6 ns",35.72 ns,33.41 ns,"40,773.2 ns",62,-,-,-,-
for():Collection,Default,False,True,Default,Default,Default,Default,Default,1111,Empty,RyuJit,X64,8c5e7fda-e8bf-4a96-9a85-a6e23a8c635c,.NET Core 3.0,False,True,False,True,Default,Default,False,False,True,Default,Default,Default,Default,Default,net48,Default,1,Default,Default,Default,Default,Default,Default,Default,Default,16,Default,2500,"40,131.6 ns",37.27 ns,34.86 ns,"40,122.7 ns",61,-,-,-,-
for():Collection,Default,False,True,Default,Default,Default,Default,Default,1111,Empty,RyuJit,X64,8c5e7fda-e8bf-4a96-9a85-a6e23a8c635c,.NET Core 3.0,False,True,False,True,Default,Default,False,False,True,Default,Default,Default,Default,Default,.NET Core 2.2,Default,1,Default,Default,Default,Default,Default,Default,Default,Default,16,Default,5000,"221,480.8 ns","1,376.79 ns","1,287.85 ns","221,803.0 ns",88,-,-,-,-
for():Collection,Default,False,True,Default,Default,Default,Default,Default,1111,Empty,RyuJit,X64,8c5e7fda-e8bf-4a96-9a85-a6e23a8c635c,.NET Core 3.0,False,True,False,True,Default,Default,False,False,True,Default,Default,Default,Default,Default,.NET Core 3.0,Default,1,Default,Default,Default,Default,Default,Default,Default,Default,16,Default,5000,"129,997.7 ns",407.24 ns,361.01 ns,"130,036.3 ns",80,-,-,-,2 B
for():Collection,Default,False,True,Default,Default,Default,Default,Default,1111,Empty,RyuJit,X64,8c5e7fda-e8bf-4a96-9a85-a6e23a8c635c,.NET Core 3.0,False,True,False,True,Default,Default,False,False,True,Default,Default,Default,Default,Default,net472,Default,1,Default,Default,Default,Default,Default,Default,Default,Default,16,Default,5000,"80,308.5 ns",91.68 ns,76.56 ns,"80,290.0 ns",71,-,-,-,-
for():Collection,Default,False,True,Default,Default,Default,Default,Default,1111,Empty,RyuJit,X64,8c5e7fda-e8bf-4a96-9a85-a6e23a8c635c,.NET Core 3.0,False,True,False,True,Default,Default,False,False,True,Default,Default,Default,Default,Default,net48,Default,1,Default,Default,Default,Default,Default,Default,Default,Default,16,Default,5000,"81,582.9 ns",85.96 ns,80.40 ns,"81,555.0 ns",72,-,-,-,-
for():ImmutableArray,Default,False,True,Default,Default,Default,Default,Default,1111,Empty,RyuJit,X64,8c5e7fda-e8bf-4a96-9a85-a6e23a8c635c,.NET Core 3.0,False,True,False,True,Default,Default,False,False,True,Default,Default,Default,Default,Default,.NET Core 2.2,Default,1,Default,Default,Default,Default,Default,Default,Default,Default,16,Default,100,"2,464.0 ns",2.56 ns,2.39 ns,"2,463.6 ns",14,0.1030,-,-,2424 B
for():ImmutableArray,Default,False,True,Default,Default,Default,Default,Default,1111,Empty,RyuJit,X64,8c5e7fda-e8bf-4a96-9a85-a6e23a8c635c,.NET Core 3.0,False,True,False,True,Default,Default,False,False,True,Default,Default,Default,Default,Default,.NET Core 3.0,Default,1,Default,Default,Default,Default,Default,Default,Default,Default,16,Default,100,"1,827.0 ns",12.94 ns,12.10 ns,"1,829.2 ns",11,0.2537,-,-,2424 B
for():ImmutableArray,Default,False,True,Default,Default,Default,Default,Default,1111,Empty,RyuJit,X64,8c5e7fda-e8bf-4a96-9a85-a6e23a8c635c,.NET Core 3.0,False,True,False,True,Default,Default,False,False,True,Default,Default,Default,Default,Default,net472,Default,1,Default,Default,Default,Default,Default,Default,Default,Default,16,Default,100,"1,514.7 ns",19.98 ns,18.69 ns,"1,526.6 ns",7,1.1578,-,-,2431 B
for():ImmutableArray,Default,False,True,Default,Default,Default,Default,Default,1111,Empty,RyuJit,X64,8c5e7fda-e8bf-4a96-9a85-a6e23a8c635c,.NET Core 3.0,False,True,False,True,Default,Default,False,False,True,Default,Default,Default,Default,Default,net48,Default,1,Default,Default,Default,Default,Default,Default,Default,Default,16,Default,100,"1,511.7 ns",4.59 ns,4.29 ns,"1,510.8 ns",7,1.1578,-,-,2431 B
for():ImmutableArray,Default,False,True,Default,Default,Default,Default,Default,1111,Empty,RyuJit,X64,8c5e7fda-e8bf-4a96-9a85-a6e23a8c635c,.NET Core 3.0,False,True,False,True,Default,Default,False,False,True,Default,Default,Default,Default,Default,.NET Core 2.2,Default,1,Default,Default,Default,Default,Default,Default,Default,Default,16,Default,500,"11,790.1 ns",121.18 ns,113.35 ns,"11,834.7 ns",42,0.5035,-,-,12024 B
for():ImmutableArray,Default,False,True,Default,Default,Default,Default,Default,1111,Empty,RyuJit,X64,8c5e7fda-e8bf-4a96-9a85-a6e23a8c635c,.NET Core 3.0,False,True,False,True,Default,Default,False,False,True,Default,Default,Default,Default,Default,.NET Core 3.0,Default,1,Default,Default,Default,Default,Default,Default,Default,Default,16,Default,500,"9,237.6 ns",30.81 ns,28.82 ns,"9,239.0 ns",40,1.2512,-,-,12024 B
for():ImmutableArray,Default,False,True,Default,Default,Default,Default,Default,1111,Empty,RyuJit,X64,8c5e7fda-e8bf-4a96-9a85-a6e23a8c635c,.NET Core 3.0,False,True,False,True,Default,Default,False,False,True,Default,Default,Default,Default,Default,net472,Default,1,Default,Default,Default,Default,Default,Default,Default,Default,16,Default,500,"7,469.4 ns",14.61 ns,12.20 ns,"7,472.2 ns",34,5.7449,-,-,12060 B
for():ImmutableArray,Default,False,True,Default,Default,Default,Default,Default,1111,Empty,RyuJit,X64,8c5e7fda-e8bf-4a96-9a85-a6e23a8c635c,.NET Core 3.0,False,True,False,True,Default,Default,False,False,True,Default,Default,Default,Default,Default,net48,Default,1,Default,Default,Default,Default,Default,Default,Default,Default,16,Default,500,"7,542.6 ns",99.86 ns,93.41 ns,"7,493.8 ns",34,5.7449,-,-,12060 B
for():ImmutableArray,Default,False,True,Default,Default,Default,Default,Default,1111,Empty,RyuJit,X64,8c5e7fda-e8bf-4a96-9a85-a6e23a8c635c,.NET Core 3.0,False,True,False,True,Default,Default,False,False,True,Default,Default,Default,Default,Default,.NET Core 2.2,Default,1,Default,Default,Default,Default,Default,Default,Default,Default,16,Default,1000,"24,361.7 ns",54.39 ns,45.42 ns,"24,355.0 ns",54,0.9460,-,-,24000 B
for():ImmutableArray,Default,False,True,Default,Default,Default,Default,Default,1111,Empty,RyuJit,X64,8c5e7fda-e8bf-4a96-9a85-a6e23a8c635c,.NET Core 3.0,False,True,False,True,Default,Default,False,False,True,Default,Default,Default,Default,Default,.NET Core 3.0,Default,1,Default,Default,Default,Default,Default,Default,Default,Default,16,Default,1000,"18,032.9 ns",65.75 ns,61.51 ns,"18,032.7 ns",49,2.5024,-,-,24000 B
for():ImmutableArray,Default,False,True,Default,Default,Default,Default,Default,1111,Empty,RyuJit,X64,8c5e7fda-e8bf-4a96-9a85-a6e23a8c635c,.NET Core 3.0,False,True,False,True,Default,Default,False,False,True,Default,Default,Default,Default,Default,net472,Default,1,Default,Default,Default,Default,Default,Default,Default,Default,16,Default,1000,"15,820.8 ns",30.97 ns,28.97 ns,"15,815.9 ns",46,11.4746,-,-,24095 B
for():ImmutableArray,Default,False,True,Default,Default,Default,Default,Default,1111,Empty,RyuJit,X64,8c5e7fda-e8bf-4a96-9a85-a6e23a8c635c,.NET Core 3.0,False,True,False,True,Default,Default,False,False,True,Default,Default,Default,Default,Default,net48,Default,1,Default,Default,Default,Default,Default,Default,Default,Default,16,Default,1000,"15,304.2 ns",33.56 ns,31.39 ns,"15,299.2 ns",45,11.4746,-,-,24095 B
for():ImmutableArray,Default,False,True,Default,Default,Default,Default,Default,1111,Empty,RyuJit,X64,8c5e7fda-e8bf-4a96-9a85-a6e23a8c635c,.NET Core 3.0,False,True,False,True,Default,Default,False,False,True,Default,Default,Default,Default,Default,.NET Core 2.2,Default,1,Default,Default,Default,Default,Default,Default,Default,Default,16,Default,2500,"64,298.8 ns",275.02 ns,243.79 ns,"64,310.1 ns",68,2.4414,-,-,60024 B
for():ImmutableArray,Default,False,True,Default,Default,Default,Default,Default,1111,Empty,RyuJit,X64,8c5e7fda-e8bf-4a96-9a85-a6e23a8c635c,.NET Core 3.0,False,True,False,True,Default,Default,False,False,True,Default,Default,Default,Default,Default,.NET Core 3.0,Default,1,Default,Default,Default,Default,Default,Default,Default,Default,16,Default,2500,"46,621.5 ns",582.83 ns,545.18 ns,"46,853.3 ns",65,6.2866,-,-,60024 B
for():ImmutableArray,Default,False,True,Default,Default,Default,Default,Default,1111,Empty,RyuJit,X64,8c5e7fda-e8bf-4a96-9a85-a6e23a8c635c,.NET Core 3.0,False,True,False,True,Default,Default,False,False,True,Default,Default,Default,Default,Default,net472,Default,1,Default,Default,Default,Default,Default,Default,Default,Default,16,Default,2500,"40,598.5 ns",439.01 ns,410.65 ns,"40,793.0 ns",62,28.6865,-,-,60177 B
for():ImmutableArray,Default,False,True,Default,Default,Default,Default,Default,1111,Empty,RyuJit,X64,8c5e7fda-e8bf-4a96-9a85-a6e23a8c635c,.NET Core 3.0,False,True,False,True,Default,Default,False,False,True,Default,Default,Default,Default,Default,net48,Default,1,Default,Default,Default,Default,Default,Default,Default,Default,16,Default,2500,"40,090.5 ns",98.26 ns,91.91 ns,"40,090.9 ns",61,28.6865,-,-,60201 B
for():ImmutableArray,Default,False,True,Default,Default,Default,Default,Default,1111,Empty,RyuJit,X64,8c5e7fda-e8bf-4a96-9a85-a6e23a8c635c,.NET Core 3.0,False,True,False,True,Default,Default,False,False,True,Default,Default,Default,Default,Default,.NET Core 2.2,Default,1,Default,Default,Default,Default,Default,Default,Default,Default,16,Default,5000,"128,421.4 ns","1,377.92 ns","1,288.90 ns","128,738.2 ns",80,4.8828,-,-,120024 B
for():ImmutableArray,Default,False,True,Default,Default,Default,Default,Default,1111,Empty,RyuJit,X64,8c5e7fda-e8bf-4a96-9a85-a6e23a8c635c,.NET Core 3.0,False,True,False,True,Default,Default,False,False,True,Default,Default,Default,Default,Default,.NET Core 3.0,Default,1,Default,Default,Default,Default,Default,Default,Default,Default,16,Default,5000,"94,182.8 ns",484.37 ns,453.08 ns,"94,155.0 ns",75,12.5732,-,-,120001 B
for():ImmutableArray,Default,False,True,Default,Default,Default,Default,Default,1111,Empty,RyuJit,X64,8c5e7fda-e8bf-4a96-9a85-a6e23a8c635c,.NET Core 3.0,False,True,False,True,Default,Default,False,False,True,Default,Default,Default,Default,Default,net472,Default,1,Default,Default,Default,Default,Default,Default,Default,Default,16,Default,5000,"81,517.5 ns",121.45 ns,113.61 ns,"81,483.5 ns",72,57.3730,-,-,120355 B
for():ImmutableArray,Default,False,True,Default,Default,Default,Default,Default,1111,Empty,RyuJit,X64,8c5e7fda-e8bf-4a96-9a85-a6e23a8c635c,.NET Core 3.0,False,True,False,True,Default,Default,False,False,True,Default,Default,Default,Default,Default,net48,Default,1,Default,Default,Default,Default,Default,Default,Default,Default,16,Default,5000,"82,763.6 ns",152.01 ns,142.19 ns,"82,781.2 ns",73,57.3730,-,-,120355 B
for():ImmutableList,Default,False,True,Default,Default,Default,Default,Default,1111,Empty,RyuJit,X64,8c5e7fda-e8bf-4a96-9a85-a6e23a8c635c,.NET Core 3.0,False,True,False,True,Default,Default,False,False,True,Default,Default,Default,Default,Default,.NET Core 2.2,Default,1,Default,Default,Default,Default,Default,Default,Default,Default,16,Default,100,"8,211.4 ns",108.94 ns,96.57 ns,"8,169.1 ns",37,-,-,-,-
for():ImmutableList,Default,False,True,Default,Default,Default,Default,Default,1111,Empty,RyuJit,X64,8c5e7fda-e8bf-4a96-9a85-a6e23a8c635c,.NET Core 3.0,False,True,False,True,Default,Default,False,False,True,Default,Default,Default,Default,Default,.NET Core 3.0,Default,1,Default,Default,Default,Default,Default,Default,Default,Default,16,Default,100,"3,979.0 ns",26.46 ns,22.10 ns,"3,978.4 ns",22,-,-,-,-
for():ImmutableList,Default,False,True,Default,Default,Default,Default,Default,1111,Empty,RyuJit,X64,8c5e7fda-e8bf-4a96-9a85-a6e23a8c635c,.NET Core 3.0,False,True,False,True,Default,Default,False,False,True,Default,Default,Default,Default,Default,net472,Default,1,Default,Default,Default,Default,Default,Default,Default,Default,16,Default,100,"2,984.7 ns",30.09 ns,28.14 ns,"2,990.9 ns",18,-,-,-,-
for():ImmutableList,Default,False,True,Default,Default,Default,Default,Default,1111,Empty,RyuJit,X64,8c5e7fda-e8bf-4a96-9a85-a6e23a8c635c,.NET Core 3.0,False,True,False,True,Default,Default,False,False,True,Default,Default,Default,Default,Default,net48,Default,1,Default,Default,Default,Default,Default,Default,Default,Default,16,Default,100,"2,898.9 ns",27.37 ns,22.86 ns,"2,902.5 ns",17,-,-,-,-
for():ImmutableList,Default,False,True,Default,Default,Default,Default,Default,1111,Empty,RyuJit,X64,8c5e7fda-e8bf-4a96-9a85-a6e23a8c635c,.NET Core 3.0,False,True,False,True,Default,Default,False,False,True,Default,Default,Default,Default,Default,.NET Core 2.2,Default,1,Default,Default,Default,Default,Default,Default,Default,Default,16,Default,500,"41,696.8 ns",121.66 ns,94.98 ns,"41,661.7 ns",63,-,-,-,-
for():ImmutableList,Default,False,True,Default,Default,Default,Default,Default,1111,Empty,RyuJit,X64,8c5e7fda-e8bf-4a96-9a85-a6e23a8c635c,.NET Core 3.0,False,True,False,True,Default,Default,False,False,True,Default,Default,Default,Default,Default,.NET Core 3.0,Default,1,Default,Default,Default,Default,Default,Default,Default,Default,16,Default,500,"31,722.5 ns",547.92 ns,512.53 ns,"31,874.8 ns",57,-,-,-,-
for():ImmutableList,Default,False,True,Default,Default,Default,Default,Default,1111,Empty,RyuJit,X64,8c5e7fda-e8bf-4a96-9a85-a6e23a8c635c,.NET Core 3.0,False,True,False,True,Default,Default,False,False,True,Default,Default,Default,Default,Default,net472,Default,1,Default,Default,Default,Default,Default,Default,Default,Default,16,Default,500,"22,090.6 ns",158.10 ns,132.02 ns,"22,049.4 ns",52,-,-,-,-
for():ImmutableList,Default,False,True,Default,Default,Default,Default,Default,1111,Empty,RyuJit,X64,8c5e7fda-e8bf-4a96-9a85-a6e23a8c635c,.NET Core 3.0,False,True,False,True,Default,Default,False,False,True,Default,Default,Default,Default,Default,net48,Default,1,Default,Default,Default,Default,Default,Default,Default,Default,16,Default,500,"22,581.2 ns",176.11 ns,156.12 ns,"22,557.5 ns",53,-,-,-,-
for():ImmutableList,Default,False,True,Default,Default,Default,Default,Default,1111,Empty,RyuJit,X64,8c5e7fda-e8bf-4a96-9a85-a6e23a8c635c,.NET Core 3.0,False,True,False,True,Default,Default,False,False,True,Default,Default,Default,Default,Default,.NET Core 2.2,Default,1,Default,Default,Default,Default,Default,Default,Default,Default,16,Default,1000,"86,103.4 ns",143.93 ns,134.63 ns,"86,105.3 ns",74,-,-,-,-
for():ImmutableList,Default,False,True,Default,Default,Default,Default,Default,1111,Empty,RyuJit,X64,8c5e7fda-e8bf-4a96-9a85-a6e23a8c635c,.NET Core 3.0,False,True,False,True,Default,Default,False,False,True,Default,Default,Default,Default,Default,.NET Core 3.0,Default,1,Default,Default,Default,Default,Default,Default,Default,Default,16,Default,1000,"57,530.5 ns",129.43 ns,114.74 ns,"57,571.4 ns",67,-,-,-,-
for():ImmutableList,Default,False,True,Default,Default,Default,Default,Default,1111,Empty,RyuJit,X64,8c5e7fda-e8bf-4a96-9a85-a6e23a8c635c,.NET Core 3.0,False,True,False,True,Default,Default,False,False,True,Default,Default,Default,Default,Default,net472,Default,1,Default,Default,Default,Default,Default,Default,Default,Default,16,Default,1000,"47,194.2 ns",648.23 ns,606.35 ns,"47,461.8 ns",65,-,-,-,-
for():ImmutableList,Default,False,True,Default,Default,Default,Default,Default,1111,Empty,RyuJit,X64,8c5e7fda-e8bf-4a96-9a85-a6e23a8c635c,.NET Core 3.0,False,True,False,True,Default,Default,False,False,True,Default,Default,Default,Default,Default,net48,Default,1,Default,Default,Default,Default,Default,Default,Default,Default,16,Default,1000,"47,273.3 ns",895.46 ns,793.80 ns,"46,873.4 ns",65,-,-,-,-
for():ImmutableList,Default,False,True,Default,Default,Default,Default,Default,1111,Empty,RyuJit,X64,8c5e7fda-e8bf-4a96-9a85-a6e23a8c635c,.NET Core 3.0,False,True,False,True,Default,Default,False,False,True,Default,Default,Default,Default,Default,.NET Core 2.2,Default,1,Default,Default,Default,Default,Default,Default,Default,Default,16,Default,2500,"220,294.9 ns","1,065.10 ns",944.19 ns,"220,417.3 ns",88,-,-,-,-
for():ImmutableList,Default,False,True,Default,Default,Default,Default,Default,1111,Empty,RyuJit,X64,8c5e7fda-e8bf-4a96-9a85-a6e23a8c635c,.NET Core 3.0,False,True,False,True,Default,Default,False,False,True,Default,Default,Default,Default,Default,.NET Core 3.0,Default,1,Default,Default,Default,Default,Default,Default,Default,Default,16,Default,2500,"156,521.8 ns",435.23 ns,407.12 ns,"156,413.1 ns",84,-,-,-,1 B
for():ImmutableList,Default,False,True,Default,Default,Default,Default,Default,1111,Empty,RyuJit,X64,8c5e7fda-e8bf-4a96-9a85-a6e23a8c635c,.NET Core 3.0,False,True,False,True,Default,Default,False,False,True,Default,Default,Default,Default,Default,net472,Default,1,Default,Default,Default,Default,Default,Default,Default,Default,16,Default,2500,"136,222.1 ns","2,054.76 ns","1,922.02 ns","135,081.2 ns",82,-,-,-,-
for():ImmutableList,Default,False,True,Default,Default,Default,Default,Default,1111,Empty,RyuJit,X64,8c5e7fda-e8bf-4a96-9a85-a6e23a8c635c,.NET Core 3.0,False,True,False,True,Default,Default,False,False,True,Default,Default,Default,Default,Default,net48,Default,1,Default,Default,Default,Default,Default,Default,Default,Default,16,Default,2500,"133,299.8 ns",265.49 ns,235.35 ns,"133,195.6 ns",81,-,-,-,-
for():ImmutableList,Default,False,True,Default,Default,Default,Default,Default,1111,Empty,RyuJit,X64,8c5e7fda-e8bf-4a96-9a85-a6e23a8c635c,.NET Core 3.0,False,True,False,True,Default,Default,False,False,True,Default,Default,Default,Default,Default,.NET Core 2.2,Default,1,Default,Default,Default,Default,Default,Default,Default,Default,16,Default,5000,"452,982.2 ns",677.58 ns,633.81 ns,"452,843.6 ns",94,-,-,-,-
for():ImmutableList,Default,False,True,Default,Default,Default,Default,Default,1111,Empty,RyuJit,X64,8c5e7fda-e8bf-4a96-9a85-a6e23a8c635c,.NET Core 3.0,False,True,False,True,Default,Default,False,False,True,Default,Default,Default,Default,Default,.NET Core 3.0,Default,1,Default,Default,Default,Default,Default,Default,Default,Default,16,Default,5000,"371,132.8 ns",410.30 ns,320.34 ns,"371,108.9 ns",92,-,-,-,-
for():ImmutableList,Default,False,True,Default,Default,Default,Default,Default,1111,Empty,RyuJit,X64,8c5e7fda-e8bf-4a96-9a85-a6e23a8c635c,.NET Core 3.0,False,True,False,True,Default,Default,False,False,True,Default,Default,Default,Default,Default,net472,Default,1,Default,Default,Default,Default,Default,Default,Default,Default,16,Default,5000,"282,011.0 ns",399.19 ns,353.87 ns,"282,017.7 ns",90,-,-,-,-
for():ImmutableList,Default,False,True,Default,Default,Default,Default,Default,1111,Empty,RyuJit,X64,8c5e7fda-e8bf-4a96-9a85-a6e23a8c635c,.NET Core 3.0,False,True,False,True,Default,Default,False,False,True,Default,Default,Default,Default,Default,net48,Default,1,Default,Default,Default,Default,Default,Default,Default,Default,16,Default,5000,"281,347.8 ns",512.24 ns,427.74 ns,"281,323.0 ns",90,-,-,-,-
for():ObservableCollection,Default,False,True,Default,Default,Default,Default,Default,1111,Empty,RyuJit,X64,8c5e7fda-e8bf-4a96-9a85-a6e23a8c635c,.NET Core 3.0,False,True,False,True,Default,Default,False,False,True,Default,Default,Default,Default,Default,.NET Core 2.2,Default,1,Default,Default,Default,Default,Default,Default,Default,Default,16,Default,100,"4,613.4 ns",20.62 ns,19.29 ns,"4,618.0 ns",27,-,-,-,-
for():ObservableCollection,Default,False,True,Default,Default,Default,Default,Default,1111,Empty,RyuJit,X64,8c5e7fda-e8bf-4a96-9a85-a6e23a8c635c,.NET Core 3.0,False,True,False,True,Default,Default,False,False,True,Default,Default,Default,Default,Default,.NET Core 3.0,Default,1,Default,Default,Default,Default,Default,Default,Default,Default,16,Default,100,"2,700.8 ns",2.38 ns,2.23 ns,"2,701.0 ns",16,-,-,-,-
for():ObservableCollection,Default,False,True,Default,Default,Default,Default,Default,1111,Empty,RyuJit,X64,8c5e7fda-e8bf-4a96-9a85-a6e23a8c635c,.NET Core 3.0,False,True,False,True,Default,Default,False,False,True,Default,Default,Default,Default,Default,net472,Default,1,Default,Default,Default,Default,Default,Default,Default,Default,16,Default,100,"1,668.5 ns",2.06 ns,1.83 ns,"1,668.4 ns",10,-,-,-,-
for():ObservableCollection,Default,False,True,Default,Default,Default,Default,Default,1111,Empty,RyuJit,X64,8c5e7fda-e8bf-4a96-9a85-a6e23a8c635c,.NET Core 3.0,False,True,False,True,Default,Default,False,False,True,Default,Default,Default,Default,Default,net48,Default,1,Default,Default,Default,Default,Default,Default,Default,Default,16,Default,100,"1,642.7 ns",2.18 ns,1.93 ns,"1,642.4 ns",9,-,-,-,-
for():ObservableCollection,Default,False,True,Default,Default,Default,Default,Default,1111,Empty,RyuJit,X64,8c5e7fda-e8bf-4a96-9a85-a6e23a8c635c,.NET Core 3.0,False,True,False,True,Default,Default,False,False,True,Default,Default,Default,Default,Default,.NET Core 2.2,Default,1,Default,Default,Default,Default,Default,Default,Default,Default,16,Default,500,"21,817.7 ns",83.43 ns,78.04 ns,"21,794.2 ns",52,-,-,-,-
for():ObservableCollection,Default,False,True,Default,Default,Default,Default,Default,1111,Empty,RyuJit,X64,8c5e7fda-e8bf-4a96-9a85-a6e23a8c635c,.NET Core 3.0,False,True,False,True,Default,Default,False,False,True,Default,Default,Default,Default,Default,.NET Core 3.0,Default,1,Default,Default,Default,Default,Default,Default,Default,Default,16,Default,500,"14,451.7 ns",220.28 ns,206.05 ns,"14,321.7 ns",44,-,-,-,-
for():ObservableCollection,Default,False,True,Default,Default,Default,Default,Default,1111,Empty,RyuJit,X64,8c5e7fda-e8bf-4a96-9a85-a6e23a8c635c,.NET Core 3.0,False,True,False,True,Default,Default,False,False,True,Default,Default,Default,Default,Default,net472,Default,1,Default,Default,Default,Default,Default,Default,Default,Default,16,Default,500,"8,298.1 ns",8.77 ns,7.77 ns,"8,297.5 ns",38,-,-,-,-
for():ObservableCollection,Default,False,True,Default,Default,Default,Default,Default,1111,Empty,RyuJit,X64,8c5e7fda-e8bf-4a96-9a85-a6e23a8c635c,.NET Core 3.0,False,True,False,True,Default,Default,False,False,True,Default,Default,Default,Default,Default,net48,Default,1,Default,Default,Default,Default,Default,Default,Default,Default,16,Default,500,"8,281.6 ns",11.80 ns,11.03 ns,"8,276.8 ns",38,-,-,-,-
for():ObservableCollection,Default,False,True,Default,Default,Default,Default,Default,1111,Empty,RyuJit,X64,8c5e7fda-e8bf-4a96-9a85-a6e23a8c635c,.NET Core 3.0,False,True,False,True,Default,Default,False,False,True,Default,Default,Default,Default,Default,.NET Core 2.2,Default,1,Default,Default,Default,Default,Default,Default,Default,Default,16,Default,1000,"44,081.1 ns",142.13 ns,132.95 ns,"44,091.8 ns",64,-,-,-,-
for():ObservableCollection,Default,False,True,Default,Default,Default,Default,Default,1111,Empty,RyuJit,X64,8c5e7fda-e8bf-4a96-9a85-a6e23a8c635c,.NET Core 3.0,False,True,False,True,Default,Default,False,False,True,Default,Default,Default,Default,Default,.NET Core 3.0,Default,1,Default,Default,Default,Default,Default,Default,Default,Default,16,Default,1000,"26,703.4 ns",33.79 ns,31.61 ns,"26,700.1 ns",55,-,-,-,-
for():ObservableCollection,Default,False,True,Default,Default,Default,Default,Default,1111,Empty,RyuJit,X64,8c5e7fda-e8bf-4a96-9a85-a6e23a8c635c,.NET Core 3.0,False,True,False,True,Default,Default,False,False,True,Default,Default,Default,Default,Default,net472,Default,1,Default,Default,Default,Default,Default,Default,Default,Default,16,Default,1000,"16,191.6 ns",23.60 ns,22.08 ns,"16,185.6 ns",46,-,-,-,-
for():ObservableCollection,Default,False,True,Default,Default,Default,Default,Default,1111,Empty,RyuJit,X64,8c5e7fda-e8bf-4a96-9a85-a6e23a8c635c,.NET Core 3.0,False,True,False,True,Default,Default,False,False,True,Default,Default,Default,Default,Default,net48,Default,1,Default,Default,Default,Default,Default,Default,Default,Default,16,Default,1000,"15,995.5 ns",44.37 ns,41.51 ns,"15,986.8 ns",46,-,-,-,-
for():ObservableCollection,Default,False,True,Default,Default,Default,Default,Default,1111,Empty,RyuJit,X64,8c5e7fda-e8bf-4a96-9a85-a6e23a8c635c,.NET Core 3.0,False,True,False,True,Default,Default,False,False,True,Default,Default,Default,Default,Default,.NET Core 2.2,Default,1,Default,Default,Default,Default,Default,Default,Default,Default,16,Default,2500,"111,008.3 ns",198.17 ns,185.37 ns,"110,973.2 ns",78,-,-,-,-
for():ObservableCollection,Default,False,True,Default,Default,Default,Default,Default,1111,Empty,RyuJit,X64,8c5e7fda-e8bf-4a96-9a85-a6e23a8c635c,.NET Core 3.0,False,True,False,True,Default,Default,False,False,True,Default,Default,Default,Default,Default,.NET Core 3.0,Default,1,Default,Default,Default,Default,Default,Default,Default,Default,16,Default,2500,"67,844.1 ns",538.78 ns,503.98 ns,"68,059.9 ns",69,-,-,-,1 B
for():ObservableCollection,Default,False,True,Default,Default,Default,Default,Default,1111,Empty,RyuJit,X64,8c5e7fda-e8bf-4a96-9a85-a6e23a8c635c,.NET Core 3.0,False,True,False,True,Default,Default,False,False,True,Default,Default,Default,Default,Default,net472,Default,1,Default,Default,Default,Default,Default,Default,Default,Default,16,Default,2500,"41,711.1 ns",48.48 ns,45.35 ns,"41,692.5 ns",63,-,-,-,-
for():ObservableCollection,Default,False,True,Default,Default,Default,Default,Default,1111,Empty,RyuJit,X64,8c5e7fda-e8bf-4a96-9a85-a6e23a8c635c,.NET Core 3.0,False,True,False,True,Default,Default,False,False,True,Default,Default,Default,Default,Default,net48,Default,1,Default,Default,Default,Default,Default,Default,Default,Default,16,Default,2500,"42,395.9 ns",61.65 ns,57.67 ns,"42,381.3 ns",64,-,-,-,-
for():ObservableCollection,Default,False,True,Default,Default,Default,Default,Default,1111,Empty,RyuJit,X64,8c5e7fda-e8bf-4a96-9a85-a6e23a8c635c,.NET Core 3.0,False,True,False,True,Default,Default,False,False,True,Default,Default,Default,Default,Default,.NET Core 2.2,Default,1,Default,Default,Default,Default,Default,Default,Default,Default,16,Default,5000,"225,217.8 ns","2,975.75 ns","2,783.52 ns","227,039.1 ns",88,-,-,-,-
for():ObservableCollection,Default,False,True,Default,Default,Default,Default,Default,1111,Empty,RyuJit,X64,8c5e7fda-e8bf-4a96-9a85-a6e23a8c635c,.NET Core 3.0,False,True,False,True,Default,Default,False,False,True,Default,Default,Default,Default,Default,.NET Core 3.0,Default,1,Default,Default,Default,Default,Default,Default,Default,Default,16,Default,5000,"150,162.8 ns",455.20 ns,425.79 ns,"149,955.1 ns",83,-,-,-,-
for():ObservableCollection,Default,False,True,Default,Default,Default,Default,Default,1111,Empty,RyuJit,X64,8c5e7fda-e8bf-4a96-9a85-a6e23a8c635c,.NET Core 3.0,False,True,False,True,Default,Default,False,False,True,Default,Default,Default,Default,Default,net472,Default,1,Default,Default,Default,Default,Default,Default,Default,Default,16,Default,5000,"84,126.5 ns",278.62 ns,260.62 ns,"84,032.7 ns",73,-,-,-,-
for():ObservableCollection,Default,False,True,Default,Default,Default,Default,Default,1111,Empty,RyuJit,X64,8c5e7fda-e8bf-4a96-9a85-a6e23a8c635c,.NET Core 3.0,False,True,False,True,Default,Default,False,False,True,Default,Default,Default,Default,Default,net48,Default,1,Default,Default,Default,Default,Default,Default,Default,Default,16,Default,5000,"83,369.6 ns","1,045.03 ns",977.52 ns,"82,937.3 ns",73,-,-,-,-
for():ReadOnlyCollection,Default,False,True,Default,Default,Default,Default,Default,1111,Empty,RyuJit,X64,8c5e7fda-e8bf-4a96-9a85-a6e23a8c635c,.NET Core 3.0,False,True,False,True,Default,Default,False,False,True,Default,Default,Default,Default,Default,.NET Core 2.2,Default,1,Default,Default,Default,Default,Default,Default,Default,Default,16,Default,100,"4,993.0 ns",6.35 ns,5.63 ns,"4,994.0 ns",28,-,-,-,-
for():ReadOnlyCollection,Default,False,True,Default,Default,Default,Default,Default,1111,Empty,RyuJit,X64,8c5e7fda-e8bf-4a96-9a85-a6e23a8c635c,.NET Core 3.0,False,True,False,True,Default,Default,False,False,True,Default,Default,Default,Default,Default,.NET Core 3.0,Default,1,Default,Default,Default,Default,Default,Default,Default,Default,16,Default,100,"3,011.4 ns",10.41 ns,9.23 ns,"3,008.4 ns",18,-,-,-,-
for():ReadOnlyCollection,Default,False,True,Default,Default,Default,Default,Default,1111,Empty,RyuJit,X64,8c5e7fda-e8bf-4a96-9a85-a6e23a8c635c,.NET Core 3.0,False,True,False,True,Default,Default,False,False,True,Default,Default,Default,Default,Default,net472,Default,1,Default,Default,Default,Default,Default,Default,Default,Default,16,Default,100,"1,984.7 ns",7.03 ns,6.58 ns,"1,984.9 ns",12,-,-,-,-
for():ReadOnlyCollection,Default,False,True,Default,Default,Default,Default,Default,1111,Empty,RyuJit,X64,8c5e7fda-e8bf-4a96-9a85-a6e23a8c635c,.NET Core 3.0,False,True,False,True,Default,Default,False,False,True,Default,Default,Default,Default,Default,net48,Default,1,Default,Default,Default,Default,Default,Default,Default,Default,16,Default,100,"2,021.5 ns",12.13 ns,11.34 ns,"2,019.1 ns",13,-,-,-,-
for():ReadOnlyCollection,Default,False,True,Default,Default,Default,Default,Default,1111,Empty,RyuJit,X64,8c5e7fda-e8bf-4a96-9a85-a6e23a8c635c,.NET Core 3.0,False,True,False,True,Default,Default,False,False,True,Default,Default,Default,Default,Default,.NET Core 2.2,Default,1,Default,Default,Default,Default,Default,Default,Default,Default,16,Default,500,"22,827.4 ns",33.40 ns,31.25 ns,"22,829.2 ns",53,-,-,-,-
for():ReadOnlyCollection,Default,False,True,Default,Default,Default,Default,Default,1111,Empty,RyuJit,X64,8c5e7fda-e8bf-4a96-9a85-a6e23a8c635c,.NET Core 3.0,False,True,False,True,Default,Default,False,False,True,Default,Default,Default,Default,Default,.NET Core 3.0,Default,1,Default,Default,Default,Default,Default,Default,Default,Default,16,Default,500,"15,941.2 ns",43.51 ns,33.97 ns,"15,931.3 ns",46,-,-,-,-
for():ReadOnlyCollection,Default,False,True,Default,Default,Default,Default,Default,1111,Empty,RyuJit,X64,8c5e7fda-e8bf-4a96-9a85-a6e23a8c635c,.NET Core 3.0,False,True,False,True,Default,Default,False,False,True,Default,Default,Default,Default,Default,net472,Default,1,Default,Default,Default,Default,Default,Default,Default,Default,16,Default,500,"10,047.8 ns",69.20 ns,64.73 ns,"10,047.2 ns",41,-,-,-,-
for():ReadOnlyCollection,Default,False,True,Default,Default,Default,Default,Default,1111,Empty,RyuJit,X64,8c5e7fda-e8bf-4a96-9a85-a6e23a8c635c,.NET Core 3.0,False,True,False,True,Default,Default,False,False,True,Default,Default,Default,Default,Default,net48,Default,1,Default,Default,Default,Default,Default,Default,Default,Default,16,Default,500,"10,070.2 ns",53.37 ns,47.31 ns,"10,062.5 ns",41,-,-,-,-
for():ReadOnlyCollection,Default,False,True,Default,Default,Default,Default,Default,1111,Empty,RyuJit,X64,8c5e7fda-e8bf-4a96-9a85-a6e23a8c635c,.NET Core 3.0,False,True,False,True,Default,Default,False,False,True,Default,Default,Default,Default,Default,.NET Core 2.2,Default,1,Default,Default,Default,Default,Default,Default,Default,Default,16,Default,1000,"47,475.7 ns",397.85 ns,372.15 ns,"47,560.3 ns",65,-,-,-,-
for():ReadOnlyCollection,Default,False,True,Default,Default,Default,Default,Default,1111,Empty,RyuJit,X64,8c5e7fda-e8bf-4a96-9a85-a6e23a8c635c,.NET Core 3.0,False,True,False,True,Default,Default,False,False,True,Default,Default,Default,Default,Default,.NET Core 3.0,Default,1,Default,Default,Default,Default,Default,Default,Default,Default,16,Default,1000,"32,638.6 ns",46.19 ns,40.95 ns,"32,632.5 ns",58,-,-,-,-
for():ReadOnlyCollection,Default,False,True,Default,Default,Default,Default,Default,1111,Empty,RyuJit,X64,8c5e7fda-e8bf-4a96-9a85-a6e23a8c635c,.NET Core 3.0,False,True,False,True,Default,Default,False,False,True,Default,Default,Default,Default,Default,net472,Default,1,Default,Default,Default,Default,Default,Default,Default,Default,16,Default,1000,"19,732.5 ns",47.13 ns,41.78 ns,"19,741.0 ns",50,-,-,-,-
for():ReadOnlyCollection,Default,False,True,Default,Default,Default,Default,Default,1111,Empty,RyuJit,X64,8c5e7fda-e8bf-4a96-9a85-a6e23a8c635c,.NET Core 3.0,False,True,False,True,Default,Default,False,False,True,Default,Default,Default,Default,Default,net48,Default,1,Default,Default,Default,Default,Default,Default,Default,Default,16,Default,1000,"19,891.5 ns",527.92 ns,806.19 ns,"19,746.0 ns",50,-,-,-,-
for():ReadOnlyCollection,Default,False,True,Default,Default,Default,Default,Default,1111,Empty,RyuJit,X64,8c5e7fda-e8bf-4a96-9a85-a6e23a8c635c,.NET Core 3.0,False,True,False,True,Default,Default,False,False,True,Default,Default,Default,Default,Default,.NET Core 2.2,Default,1,Default,Default,Default,Default,Default,Default,Default,Default,16,Default,2500,"115,699.0 ns",227.39 ns,212.70 ns,"115,691.9 ns",79,-,-,-,-
for():ReadOnlyCollection,Default,False,True,Default,Default,Default,Default,Default,1111,Empty,RyuJit,X64,8c5e7fda-e8bf-4a96-9a85-a6e23a8c635c,.NET Core 3.0,False,True,False,True,Default,Default,False,False,True,Default,Default,Default,Default,Default,.NET Core 3.0,Default,1,Default,Default,Default,Default,Default,Default,Default,Default,16,Default,2500,"74,928.3 ns",94.40 ns,83.69 ns,"74,922.9 ns",70,-,-,-,-
for():ReadOnlyCollection,Default,False,True,Default,Default,Default,Default,Default,1111,Empty,RyuJit,X64,8c5e7fda-e8bf-4a96-9a85-a6e23a8c635c,.NET Core 3.0,False,True,False,True,Default,Default,False,False,True,Default,Default,Default,Default,Default,net472,Default,1,Default,Default,Default,Default,Default,Default,Default,Default,16,Default,2500,"50,339.6 ns",239.79 ns,224.30 ns,"50,270.6 ns",66,-,-,-,-
for():ReadOnlyCollection,Default,False,True,Default,Default,Default,Default,Default,1111,Empty,RyuJit,X64,8c5e7fda-e8bf-4a96-9a85-a6e23a8c635c,.NET Core 3.0,False,True,False,True,Default,Default,False,False,True,Default,Default,Default,Default,Default,net48,Default,1,Default,Default,Default,Default,Default,Default,Default,Default,16,Default,2500,"66,819.1 ns",56.92 ns,50.45 ns,"66,800.4 ns",69,-,-,-,-
for():ReadOnlyCollection,Default,False,True,Default,Default,Default,Default,Default,1111,Empty,RyuJit,X64,8c5e7fda-e8bf-4a96-9a85-a6e23a8c635c,.NET Core 3.0,False,True,False,True,Default,Default,False,False,True,Default,Default,Default,Default,Default,.NET Core 2.2,Default,1,Default,Default,Default,Default,Default,Default,Default,Default,16,Default,5000,"244,844.0 ns","2,436.75 ns","2,160.12 ns","245,743.0 ns",89,-,-,-,-
for():ReadOnlyCollection,Default,False,True,Default,Default,Default,Default,Default,1111,Empty,RyuJit,X64,8c5e7fda-e8bf-4a96-9a85-a6e23a8c635c,.NET Core 3.0,False,True,False,True,Default,Default,False,False,True,Default,Default,Default,Default,Default,.NET Core 3.0,Default,1,Default,Default,Default,Default,Default,Default,Default,Default,16,Default,5000,"159,501.2 ns",93.37 ns,72.90 ns,"159,496.4 ns",85,-,-,-,2 B
for():ReadOnlyCollection,Default,False,True,Default,Default,Default,Default,Default,1111,Empty,RyuJit,X64,8c5e7fda-e8bf-4a96-9a85-a6e23a8c635c,.NET Core 3.0,False,True,False,True,Default,Default,False,False,True,Default,Default,Default,Default,Default,net472,Default,1,Default,Default,Default,Default,Default,Default,Default,Default,16,Default,5000,"100,094.6 ns",337.65 ns,281.95 ns,"100,090.7 ns",76,-,-,-,-
for():ReadOnlyCollection,Default,False,True,Default,Default,Default,Default,Default,1111,Empty,RyuJit,X64,8c5e7fda-e8bf-4a96-9a85-a6e23a8c635c,.NET Core 3.0,False,True,False,True,Default,Default,False,False,True,Default,Default,Default,Default,Default,net48,Default,1,Default,Default,Default,Default,Default,Default,Default,Default,16,Default,5000,"99,572.3 ns",150.52 ns,133.44 ns,"99,544.6 ns",76,-,-,-,-
'RETRIEVING COLLECTION:HashSet',Default,False,True,Default,Default,Default,Default,Default,1111,Empty,RyuJit,X64,8c5e7fda-e8bf-4a96-9a85-a6e23a8c635c,.NET Core 3.0,False,True,False,True,Default,Default,False,False,True,Default,Default,Default,Default,Default,.NET Core 2.2,Default,1,Default,Default,Default,Default,Default,Default,Default,Default,16,Default,100,"6,511.6 ns",84.99 ns,79.50 ns,"6,468.6 ns",32,0.0916,-,-,2296 B
'RETRIEVING COLLECTION:HashSet',Default,False,True,Default,Default,Default,Default,Default,1111,Empty,RyuJit,X64,8c5e7fda-e8bf-4a96-9a85-a6e23a8c635c,.NET Core 3.0,False,True,False,True,Default,Default,False,False,True,Default,Default,Default,Default,Default,.NET Core 3.0,Default,1,Default,Default,Default,Default,Default,Default,Default,Default,16,Default,100,"5,891.9 ns",10.03 ns,9.38 ns,"5,890.1 ns",31,0.2365,-,-,2296 B
'RETRIEVING COLLECTION:HashSet',Default,False,True,Default,Default,Default,Default,Default,1111,Empty,RyuJit,X64,8c5e7fda-e8bf-4a96-9a85-a6e23a8c635c,.NET Core 3.0,False,True,False,True,Default,Default,False,False,True,Default,Default,Default,Default,Default,net472,Default,1,Default,Default,Default,Default,Default,Default,Default,Default,16,Default,100,"5,646.6 ns",14.15 ns,13.23 ns,"5,641.4 ns",30,1.0910,-,-,2304 B
'RETRIEVING COLLECTION:HashSet',Default,False,True,Default,Default,Default,Default,Default,1111,Empty,RyuJit,X64,8c5e7fda-e8bf-4a96-9a85-a6e23a8c635c,.NET Core 3.0,False,True,False,True,Default,Default,False,False,True,Default,Default,Default,Default,Default,net48,Default,1,Default,Default,Default,Default,Default,Default,Default,Default,16,Default,100,"5,422.0 ns",185.60 ns,220.94 ns,"5,327.9 ns",29,1.0910,-,-,2304 B
'RETRIEVING COLLECTION:HashSet',Default,False,True,Default,Default,Default,Default,Default,1111,Empty,RyuJit,X64,8c5e7fda-e8bf-4a96-9a85-a6e23a8c635c,.NET Core 3.0,False,True,False,True,Default,Default,False,False,True,Default,Default,Default,Default,Default,.NET Core 2.2,Default,1,Default,Default,Default,Default,Default,Default,Default,Default,16,Default,500,"33,205.9 ns",85.99 ns,80.44 ns,"33,201.5 ns",59,0.4883,-,-,10576 B
'RETRIEVING COLLECTION:HashSet',Default,False,True,Default,Default,Default,Default,Default,1111,Empty,RyuJit,X64,8c5e7fda-e8bf-4a96-9a85-a6e23a8c635c,.NET Core 3.0,False,True,False,True,Default,Default,False,False,True,Default,Default,Default,Default,Default,.NET Core 3.0,Default,1,Default,Default,Default,Default,Default,Default,Default,Default,16,Default,500,"33,669.5 ns",475.90 ns,445.16 ns,"33,415.2 ns",59,1.1597,-,-,10576 B
'RETRIEVING COLLECTION:HashSet',Default,False,True,Default,Default,Default,Default,Default,1111,Empty,RyuJit,X64,8c5e7fda-e8bf-4a96-9a85-a6e23a8c635c,.NET Core 3.0,False,True,False,True,Default,Default,False,False,True,Default,Default,Default,Default,Default,net472,Default,1,Default,Default,Default,Default,Default,Default,Default,Default,16,Default,500,"29,009.0 ns",54.71 ns,51.18 ns,"29,018.0 ns",56,5.0354,-,-,10618 B
'RETRIEVING COLLECTION:HashSet',Default,False,True,Default,Default,Default,Default,Default,1111,Empty,RyuJit,X64,8c5e7fda-e8bf-4a96-9a85-a6e23a8c635c,.NET Core 3.0,False,True,False,True,Default,Default,False,False,True,Default,Default,Default,Default,Default,net48,Default,1,Default,Default,Default,Default,Default,Default,Default,Default,16,Default,500,"29,242.2 ns",55.41 ns,51.83 ns,"29,234.8 ns",56,5.0354,-,-,10618 B
'RETRIEVING COLLECTION:HashSet',Default,False,True,Default,Default,Default,Default,Default,1111,Empty,RyuJit,X64,8c5e7fda-e8bf-4a96-9a85-a6e23a8c635c,.NET Core 3.0,False,True,False,True,Default,Default,False,False,True,Default,Default,Default,Default,Default,.NET Core 2.2,Default,1,Default,Default,Default,Default,Default,Default,Default,Default,16,Default,1000,"67,373.8 ns",120.74 ns,112.94 ns,"67,332.3 ns",69,0.9766,-,-,22216 B
'RETRIEVING COLLECTION:HashSet',Default,False,True,Default,Default,Default,Default,Default,1111,Empty,RyuJit,X64,8c5e7fda-e8bf-4a96-9a85-a6e23a8c635c,.NET Core 3.0,False,True,False,True,Default,Default,False,False,True,Default,Default,Default,Default,Default,.NET Core 3.0,Default,1,Default,Default,Default,Default,Default,Default,Default,Default,16,Default,1000,"63,777.7 ns",96.69 ns,90.44 ns,"63,796.1 ns",68,2.3193,0.1221,-,22216 B
'RETRIEVING COLLECTION:HashSet',Default,False,True,Default,Default,Default,Default,Default,1111,Empty,RyuJit,X64,8c5e7fda-e8bf-4a96-9a85-a6e23a8c635c,.NET Core 3.0,False,True,False,True,Default,Default,False,False,True,Default,Default,Default,Default,Default,net472,Default,1,Default,Default,Default,Default,Default,Default,Default,Default,16,Default,1000,"58,440.5 ns",720.94 ns,674.36 ns,"57,992.6 ns",67,10.4980,-,-,22262 B
'RETRIEVING COLLECTION:HashSet',Default,False,True,Default,Default,Default,Default,Default,1111,Empty,RyuJit,X64,8c5e7fda-e8bf-4a96-9a85-a6e23a8c635c,.NET Core 3.0,False,True,False,True,Default,Default,False,False,True,Default,Default,Default,Default,Default,net48,Default,1,Default,Default,Default,Default,Default,Default,Default,Default,16,Default,1000,"59,143.2 ns",111.11 ns,98.49 ns,"59,135.5 ns",67,10.4980,-,-,22262 B
'RETRIEVING COLLECTION:HashSet',Default,False,True,Default,Default,Default,Default,Default,1111,Empty,RyuJit,X64,8c5e7fda-e8bf-4a96-9a85-a6e23a8c635c,.NET Core 3.0,False,True,False,True,Default,Default,False,False,True,Default,Default,Default,Default,Default,.NET Core 2.2,Default,1,Default,Default,Default,Default,Default,Default,Default,Default,16,Default,2500,"197,539.5 ns","4,836.70 ns","14,261.13 ns","193,044.7 ns",87,2.1973,0.2441,-,56176 B
'RETRIEVING COLLECTION:HashSet',Default,False,True,Default,Default,Default,Default,Default,1111,Empty,RyuJit,X64,8c5e7fda-e8bf-4a96-9a85-a6e23a8c635c,.NET Core 3.0,False,True,False,True,Default,Default,False,False,True,Default,Default,Default,Default,Default,.NET Core 3.0,Default,1,Default,Default,Default,Default,Default,Default,Default,Default,16,Default,2500,"164,468.7 ns",571.17 ns,476.95 ns,"164,383.8 ns",86,6.5918,0.9766,-,56176 B
'RETRIEVING COLLECTION:HashSet',Default,False,True,Default,Default,Default,Default,Default,1111,Empty,RyuJit,X64,8c5e7fda-e8bf-4a96-9a85-a6e23a8c635c,.NET Core 3.0,False,True,False,True,Default,Default,False,False,True,Default,Default,Default,Default,Default,net472,Default,1,Default,Default,Default,Default,Default,Default,Default,Default,16,Default,2500,"151,738.2 ns",268.68 ns,224.36 ns,"151,776.3 ns",83,26.1230,-,-,56336 B
'RETRIEVING COLLECTION:HashSet',Default,False,True,Default,Default,Default,Default,Default,1111,Empty,RyuJit,X64,8c5e7fda-e8bf-4a96-9a85-a6e23a8c635c,.NET Core 3.0,False,True,False,True,Default,Default,False,False,True,Default,Default,Default,Default,Default,net48,Default,1,Default,Default,Default,Default,Default,Default,Default,Default,16,Default,2500,"153,015.3 ns",254.57 ns,225.67 ns,"153,057.2 ns",83,26.1230,-,-,56336 B
'RETRIEVING COLLECTION:HashSet',Default,False,True,Default,Default,Default,Default,Default,1111,Empty,RyuJit,X64,8c5e7fda-e8bf-4a96-9a85-a6e23a8c635c,.NET Core 3.0,False,True,False,True,Default,Default,False,False,True,Default,Default,Default,Default,Default,.NET Core 2.2,Default,1,Default,Default,Default,Default,Default,Default,Default,Default,16,Default,5000,"488,729.6 ns","2,673.23 ns","2,500.54 ns","488,669.7 ns",95,27.3438,27.3438,27.3438,117062 B
'RETRIEVING COLLECTION:HashSet',Default,False,True,Default,Default,Default,Default,Default,1111,Empty,RyuJit,X64,8c5e7fda-e8bf-4a96-9a85-a6e23a8c635c,.NET Core 3.0,False,True,False,True,Default,Default,False,False,True,Default,Default,Default,Default,Default,.NET Core 3.0,Default,1,Default,Default,Default,Default,Default,Default,Default,Default,16,Default,5000,"445,107.3 ns","6,741.92 ns","5,263.65 ns","445,766.0 ns",93,10.7422,10.7422,10.7422,117003 B
'RETRIEVING COLLECTION:HashSet',Default,False,True,Default,Default,Default,Default,Default,1111,Empty,RyuJit,X64,8c5e7fda-e8bf-4a96-9a85-a6e23a8c635c,.NET Core 3.0,False,True,False,True,Default,Default,False,False,True,Default,Default,Default,Default,Default,net472,Default,1,Default,Default,Default,Default,Default,Default,Default,Default,16,Default,5000,"356,031.8 ns","2,374.76 ns","2,221.36 ns","356,339.9 ns",91,33.2031,21.9727,21.9727,117382 B
'RETRIEVING COLLECTION:HashSet',Default,False,True,Default,Default,Default,Default,Default,1111,Empty,RyuJit,X64,8c5e7fda-e8bf-4a96-9a85-a6e23a8c635c,.NET Core 3.0,False,True,False,True,Default,Default,False,False,True,Default,Default,Default,Default,Default,net48,Default,1,Default,Default,Default,Default,Default,Default,Default,Default,16,Default,5000,"350,540.6 ns","5,790.95 ns","5,416.86 ns","352,021.2 ns",91,33.6914,22.4609,22.4609,117337 B
